frame,cars,police,robber
1,12,2,0
2,15,2,0
3,11,1,0
4,15,2,0
5,18,2,0
6,17,2,0
7,19,2,0
8,15,2,0
9,15,2,0
10,19,2,0
11,15,2,0
12,19,2,0
13,15,2,0
14,17,2,0
15,19,2,0
16,14,2,0
17,14,2,0
18,19,2,0
19,14,2,0
20,18,2,0
21,18,2,0
22,15,2,0
23,14,2,0
24,17,2,0
25,14,2,0
26,17,2,0
27,17,2,1
28,14,2,0
29,16,2,0
30,16,2,0
31,16,2,1
32,14,2,0
33,16,2,1
34,15,2,1
35,14,2,0
36,17,1,1
37,12,3,0
38,19,2,1
39,10,2,0
40,16,2,1
41,10,2,0
42,12,1,0
43,17,2,1
44,13,1,0
45,17,0,1
46,17,0,1
47,14,1,0
48,12,1,0
49,15,0,1
50,13,1,0
51,18,0,1
52,18,2,1
53,13,1,0
54,13,1,0
55,18,1,1
56,18,1,1
57,11,2,0
58,17,1,1
59,14,1,0
60,15,2,0
61,21,1,1
62,15,1,0
63,19,2,1
64,19,2,1
65,16,1,0
66,16,2,0
67,19,2,1
68,14,1,0
69,19,2,1
70,14,1,0
71,19,2,1
72,14,0,0
73,21,2,1
74,13,2,0
75,21,1,1
76,16,1,0
77,20,1,1
78,20,2,1
79,15,1,0
80,21,1,1
81,17,1,0
82,19,2,1
83,18,1,0
84,20,2,1
85,16,2,0
86,16,1,0
87,19,2,1
88,15,2,0
89,18,2,1
90,18,2,1
91,15,2,0
92,14,2,0
93,19,1,1
94,15,0,0
95,17,1,1
96,19,1,0
97,13,3,0
98,15,0,0
99,19,1,1
100,16,0,0
101,16,0,1
102,17,2,0
103,17,1,0
104,14,1,0
105,18,1,0
106,15,1,0
107,17,2,0
108,15,3,1
109,15,0,0
110,16,1,0
111,16,2,1
112,17,1,0
113,17,2,1
114,16,2,1
115,15,1,0
116,16,0,0
117,15,1,0
118,16,1,1
119,15,0,0
120,17,1,1
121,18,1,1
122,13,0,0
123,14,0,0
124,18,1,1
125,14,0,0
126,18,0,1
127,16,3,1
128,12,2,1
129,12,0,1
130,16,1,1
131,15,1,1
132,18,2,1
133,17,1,1
134,14,0,1
135,13,0,1
136,16,1,1
137,14,0,1
138,16,1,1
139,18,1,1
140,12,1,1
141,13,2,0
142,20,0,1
143,12,0,0
144,18,0,1
145,17,1,0
146,15,0,0
147,15,1,0
148,19,2,0
149,17,2,0
150,15,1,0
151,22,1,1
152,15,1,1
153,14,1,1
154,18,1,1
155,18,3,1
156,15,0,1
157,15,1,1
158,19,2,1
159,15,1,0
160,19,1,0
161,15,2,0
162,20,0,0
163,19,2,0
164,16,1,0
165,15,1,0
166,19,3,0
167,15,2,0
168,20,2,0
169,20,2,0
170,16,2,0
171,15,0,1
172,20,2,0
173,17,1,1
174,19,2,0
175,20,1,0
176,14,1,1
177,20,1,0
178,12,0,1
179,20,1,0
180,14,1,1
181,20,1,0
182,19,1,0
183,13,1,0
184,13,1,1
185,19,2,0
186,14,0,1
187,19,1,0
188,20,1,0
189,12,0,0
190,13,1,1
191,20,1,0
192,13,1,0
193,20,1,0
194,20,0,0
195,15,1,0
